<?xml version="1.0" encoding="UTF-8"?>
<project-private xmlns="http://www.netbeans.org/ns/project-private/1">
    <editor-bookmarks xmlns="http://www.netbeans.org/ns/editor-bookmarks/2" lastBookmarkId="0"/>
    <open-files xmlns="http://www.netbeans.org/ns/projectui-open-files/2">
        <group>
            <file>file:/C:/Users/Ariana/Documents/NetBeansProjects/Biblioteca/src/imprumut.java</file>
            <file>file:/C:/Users/Ariana/Documents/NetBeansProjects/Biblioteca/src/returnare.java</file>
            <file>file:/C:/Users/Ariana/Documents/NetBeansProjects/Biblioteca/src/biblioteca/Biblioteca.java</file>
            <file>file:/C:/Users/Ariana/Documents/NetBeansProjects/Biblioteca/src/newBook.java</file>
            <file>file:/C:/Users/Ariana/Documents/NetBeansProjects/Biblioteca/src/home.java</file>
            <file>file:/C:/Users/Ariana/Documents/NetBeansProjects/Biblioteca/src/login.java</file>
            <file>file:/C:/Users/Ariana/Documents/NetBeansProjects/Biblioteca/src/project/ConnectionProvider.java</file>
            <file>file:/C:/Users/Ariana/Documents/NetBeansProjects/Biblioteca/src/newUser.java</file>
            <file>file:/C:/Users/Ariana/Documents/NetBeansProjects/Biblioteca/src/informatii.java</file>
        </group>
    </open-files>
</project-private>
